dense,optimizer,dropout,reg,acc,f1,auc,loss
32,adam,0.3,,0.8999999761581421,0.5714285714285714,1.0,0.1396816372871399
64,adam,0.3,,0.9333333373069763,0.75,1.0,0.10545442998409271
128,adam,0.5,l2,0.9333333373069763,0.75,0.984,0.15282981097698212
64,sgd,0.3,l2,0.8999999761581421,0.5714285714285714,1.0,0.16964395344257355
