IPK,Jumlah_Absensi,Waktu_Belajar_Jam,Lulus,Rasio_Absensi,IPK_x_Study
3.8,3,10,1,0.21428571428571427,38.0
2.5,8,5,0,0.5714285714285714,12.5
3.4,4,7,1,0.2857142857142857,23.8
2.1,12,2,0,0.8571428571428571,4.2
3.9,2,12,1,0.14285714285714285,46.8
2.8,6,4,0,0.42857142857142855,11.2
3.2,5,8,1,0.35714285714285715,25.6
2.7,7,3,0,0.5,8.100000000000001
3.6,4,9,1,0.2857142857142857,32.4
2.3,9,4,0,0.6428571428571429,9.2
